poverty_cat,agg_investment_perhh,federal_public_perhh,mission_lending_perhh,small_business_lending_persbemp,ACII_loans_peremp,HMDA_SF_perSFhh,HMDA_MF_perMFhh,n_tracts
0-11% Poverty,30042.28188,124.8719385,285.8928532,5497.587148,10295.4572,23481.99782,4637.490478,201.7272727
12-20% Poverty,24950.29677,419.0789277,354.7498915,4681.40061,7870.673271,15453.97988,4737.263387,199.2727273
21-31% Poverty,11774.00264,202.7391625,372.7502863,4912.990695,8832.221003,8659.572084,3271.672652,192.5454545
Over 31% Poverty,9208.963239,626.0724506,746.3381842,4212.866823,8995.740492,6456.969636,2567.233211,199
